TICKER;PRECO;ULTDIV;DY;VPC;PVP;LIQD;CAIXA;CAGRDIV;CAGRVLR;PATRIMONIO;NCOTISTAS;GESTAO;NCOTA
ABCP11;77.64;0.7;9.02;106.92;0.73;56281.57;1.83;1.47;8.44;503496718.25;15558.0;Passiva;4709082.0
AFHI11;93.61;0.93;12.22;94.88;0.99;1116628.33;4.69;-8.71;0.06;432224228.96;42539.0;Ativa;4555618.0
AIEC11;42.5;0.62;20.42;84.94;0.5;649174.57;4.35;-1.13;-13.75;409856001.38;18874.0;Ativa;4824987.0
AJFI11;7.27;0.07;11.58;12.25;0.59;469095.52;5.4;;;387514867.4;13191.0;Ativa;31625978.0
ALMI11;575.0;5.0;2.48;2172.28;0.26;23137.29;4.28;;-16.87;241507669.88;2092.0;Passiva;111177.0
ALZC11;91.24;1.25;9.05;63.81;1.43;510096.33;3.5;;;118155565.38;8102.0;;1851786.0
ALZM11;6.93;0.085;15.21;7.94;0.87;117240.48;8.33;-4.82;-55.28;120540353.6;12138.0;Ativa;15180540.0
ALZR11;100.34;0.775;9.15;105.35;0.95;1933653.62;14.75;-13.15;0.46;1288080789.12;154533.0;Ativa;12226625.0
ANCR11B;3221.0;1.570972;1.37;108.69;29.63;3221.0;1.61;;;2905722882.79;139.0;Ativa;26735046.0
APTO11;9.01;0.09;11.99;9.89;0.91;49133.71;4.82;;;45623457.79;9226.0;Ativa;4612227.0
APXM11;100.47;0.473638;7.04;97.67;1.03;166869.71;0.67;;;241689923.79;535.0;;2474535.0
APXR11;100.0;;0.0;79.67;1.26;14.29;0.11;;;8728918.75;130.0;;109567.0
APXU11;0.0;;0.0;88.75;;;94.72;;;9011812.87;40.0;Ativa;101542.0
AQLL11;385.03;;0.0;939.49;0.41;;0.06;;;136994582.7;84.0;Ativa;145817.0
ARFI11B;479.99;;0.0;63.81;7.52;;3.5;;;118155565.38;8102.0;;1851786.0
AROA11;1.04;0.0062;7.02;0.99;1.05;7761.57;1.44;;;165793201.12;3865.0;Ativa;167926832.0
ARRI11;8.56;0.09;13.9;8.6;1.0;463678.71;3.88;-9.31;-1.33;168951920.31;26287.0;Ativa;19646886.0
ARXD11;8.45;0.1;14.56;95.91;0.09;148013.81;4.37;;;86427918.96;1310.0;Ativa;901117.0
ASMT11;35.01;0.77;0.0;91.53;0.38;1156.57;4.06;;-30.44;98964564.68;446.0;Ativa;1081257.0
ASRF11;10942.0;256.328699;0.0;9609.1;1.14;68679.18;9.49;;;28269972.99;68.0;Ativa;2942.0
ATCR11;0.0;0.228494;0.0;73.84;;;1.1;;;68591012.89;33.0;Ativa;928908.0
ATSA11;51.05;0.5;2.39;76.69;0.67;1380.67;1.32;17.56;-19.3;134299450.74;287.0;Passiva;1751141.0
ATWN11;0.0;;0.0;2073.78;;;0.71;;;333375417.84;2.0;Passiva;160757.0
AURB11;85.89;0.2;0.23;76.3;1.13;33.91;0.36;;;68553124.23;18.0;Ativa;898514.0
AZPE11;0.0;;0.0;10.15;;;2.66;;;97702452.05;12.0;Ativa;9630000.0
AZPL11;7.21;0.082;3.97;9.66;0.75;516128.76;2.21;;;175894951.15;7752.0;Ativa;18209646.0
BARI11;72.03;0.71;13.05;91.23;0.79;619253.86;12.3;-13.52;-9.48;422786204.97;38838.0;Ativa;4634191.0
BBFI11;335.0;100.414494;88.08;861.93;0.39;75070.05;28.29;1.24;-44.83;112051413.35;7144.0;Passiva;130000.0
BBFO11;63.5;0.62;12.27;74.86;0.85;251600.52;0.42;-4.94;-1.71;299748931.91;6841.0;Passiva;4003900.0
BBIG11;7.64;0.085;6.32;9.72;0.79;1337268.24;4.93;;;963074267.14;25222.0;Ativa;99120994.0
BBIM11;0.0;0.34;0.0;0.0;;;14146.65;-24.05;;667.5;0.0;Ativa;1035000.0
BBRC11;105.49;1.11;12.66;111.96;0.94;125133.52;5.25;4.95;8.76;178015552.66;9493.0;Passiva;1590000.0
BCFF11;7.28;0.07;11.67;11.34;0.64;719137.62;14.78;1.07;-0.5;2285064090.04;351685.0;Ativa;201491024.0
BCIA11;85.85;0.84;12.04;98.63;0.87;552625.52;0.52;6.91;2.76;366811934.62;26766.0;Ativa;3719038.0
BCRI11;63.0;0.84;14.75;86.87;0.73;493142.24;9.25;-14.97;-14.35;543647927.18;43756.0;Ativa;6257873.0
BETW11;0.0;0.509259;0.0;100.45;;;0.18;;;251577813.14;1.0;;2504500.0
BICE11;1000.0;4.93;8.83;1030.93;0.97;234796.67;1.49;;;123045058.26;118.0;Ativa;119353.0
BICR11;35.92;0.363;6.86;42.81;0.84;321.43;1.15;-18.17;-26.9;21402673.99;674.0;Ativa;500000.0
BIME11;7.23;0.087;13.6;8.48;0.85;55398.57;0.52;-9.13;-7.75;49575692.66;8841.0;Ativa;5845602.0
BIPD11;915.1;73.07;7.98;998.76;0.92;0.0;6.32;;;91284991.7;112.0;Ativa;91398.0
BIPE11;1000.0;;0.0;901.73;1.11;238.1;101.33;;;4346359.73;101.0;Ativa;4820.0
BLCA11;100.99;0.5;18.42;119.45;0.85;127325.05;3.42;42.09;;191120507.96;495.0;Ativa;1600000.0
BLCP11;91.0;0.563428;0.0;63.81;1.43;;3.5;;4.9;118155565.38;8102.0;;1851786.0
BLMC11;85.75;1.07;2.78;63.81;1.34;150671.33;3.5;-0.67;-4.84;118155565.38;8102.0;;1851786.0
BLMG11;32.79;0.5;15.19;67.64;0.48;739462.0;3.14;-17.2;-26.52;288736482.85;14095.0;Ativa;4268807.0
BLMO11;72.79;0.45;155.08;104.0;0.7;36021.38;2.8;;;103463246.47;394.0;Ativa;994814.0
BLMR11;6.78;0.053;0.0;63.81;0.11;1157702.33;3.5;;-1.06;118155565.38;8102.0;;1851786.0
BLOG11;10.43;0.07;5.08;10.19;1.02;234.18;0.27;;;145290008.16;23.0;Ativa;14257443.0
BLUR11;84.04;0.55;10.84;83.77;1.0;1867.9;2.34;;;7539577.43;135.0;Ativa;90000.0
BMII11;0.0;0.228341;0.0;457.66;;;1.04;;;68924121.72;12.0;Passiva;150600.0
BMLC11;96.0;0.72;9.06;99.42;0.97;38861.14;6.21;0.15;5.21;99256939.57;1380.0;Ativa;998405.0
BNFS11;96.0;1.361859;17.04;84.42;1.14;133690.57;6.94;-0.57;-4.53;59094299.65;5519.0;Ativa;700000.0
BPFF11;59.53;0.6;12.47;70.45;0.84;313569.71;5.33;-2.36;0.6;316473391.74;21076.0;Ativa;4492326.0
BPLC11;0.0;14.420464;0.0;10268.49;;;1.52;;;328591587.35;114.0;Passiva;32000.0
BPML11;78.17;1.07;14.33;128.62;0.61;841327.57;21.87;;2.52;957176860.53;5967.0;Ativa;7441745.0
BPRP11;107.5;0.925;8.56;125.57;0.86;511.9;0.19;2.64;1.97;169496975.27;171.0;Passiva;1349837.0
BRCO11;106.59;0.87;9.98;118.83;0.9;3260465.76;1.04;9.88;9.25;1890017663.48;118152.0;Ativa;15905133.0
BRCR11;43.21;0.5;13.05;88.93;0.49;1373308.05;0.76;-1.04;-10.58;2368970094.65;131824.0;Ativa;26638202.0
BREV11;105.0;0.58;0.0;63.81;1.65;278738.95;3.5;8.81;3.57;118155565.38;8102.0;;1851786.0
BRHT11B;86.8;;0.0;67.09;1.29;;2.43;;;123557186.66;11.0;Ativa;1841677.0
BRIM11;1149.0;48.33;29.83;721.35;1.59;41150.38;11.62;;6.56;89547033.68;413.0;Ativa;124137.0
BRIP11;925.0;32.15;33.53;943.49;0.98;13374.14;3.96;;;203298246.28;316.0;Ativa;215475.0
BRIX11;1673.35;;0.0;1035.45;1.62;0.0;10.51;;;122945108.14;94.0;Ativa;118735.0
BROF11;46.31;0.46;12.99;108.65;0.43;357336.38;0.47;;;1261528596.94;10111.0;;11610812.0
BROL11;0.0;;0.0;63.81;;;3.5;;;118155565.38;8102.0;;1851786.0
BRSE11;0.0;;0.0;18447.74;;;1.66;;;36895476.72;12.0;Ativa;2000.0
BTAL11;71.48;0.84;13.71;112.27;0.64;524551.81;2.73;-2.6;-6.01;671669756.0;41608.0;Ativa;5982736.0
BTCI11;9.05;0.091;12.27;10.01;0.91;1587015.52;9.45;-5.98;3.15;995855831.35;178871.0;Ativa;99521172.0
BTCR11;88.0;0.9;0.0;63.81;1.38;217580.19;3.5;32.78;0.29;118155565.38;8102.0;;1851786.0
BTHF11;0.0;0.092;0.0;9.67;;;5.64;;;2107879983.33;10811.0;Ativa;217932544.0
BTHI11;39.0;0.41;10.17;63.17;0.62;47135.86;2.43;-3.04;-24.6;582374006.2;1194.0;Ativa;9218512.0
BTHI12;45.0;0.56;0.0;63.17;0.71;;2.43;;1.52;582374006.2;1194.0;Ativa;9218512.0
BTLG11;96.52;0.78;9.58;103.93;0.93;8713747.48;13.05;1.6;-0.31;4494781893.66;365839.0;Ativa;43249151.0
BTML11;103.03;0.85;8.83;115.57;0.89;0.0;4.41;;;131194648.86;1.0;Ativa;1135160.0
BTRA11;41.09;0.3;10.22;110.67;0.37;221559.57;8.98;-24.94;-20.83;372370898.52;14595.0;Ativa;3364559.0
BTSG11;159.05;0.95;6.99;145.28;1.09;238.64;0.82;;;112590342.61;111.0;Ativa;775015.0
BTSI11;111.6;0.75;7.97;107.67;1.04;26.71;0.07;;;472994523.3;175.0;Ativa;4393084.0
BTWR11;105.49;0.65;7.12;113.75;0.93;52669.81;1.23;15.75;;92051642.77;120.0;Ativa;809269.0
BTYU11;10.09;0.088;7.78;10.21;0.99;781175.14;30.88;;;306183962.61;156.0;Ativa;30000000.0
BVAR11;1446.0;3.5;7.95;864.59;1.67;0.0;0.44;-17.86;;540837224.2;131.0;Passiva;625540.0
BZEL11;0.0;5.092421;0.0;143.43;;;0.13;;;507462354.49;3.0;Ativa;3538046.0
BZLI11;19.78;;0.0;18.21;1.09;29.0;0.0;;4.77;795977718.36;19.0;Ativa;43704163.0
CACR11;94.05;1.32;17.52;97.48;0.96;1980157.76;9.77;-2.7;-1.13;471437432.52;24997.0;Ativa;4836324.0
CARE11;1.33;0.008385;0.0;6.99;0.19;100428.48;2.46;;-12.71;250052298.45;11630.0;Ativa;35769919.0
CBOP11;25.3;0.05;4.86;71.8;0.35;15922.86;1.1;-47.56;-24.21;101596109.05;2570.0;Passiva;1415000.0
CCLB11;0.0;;0.0;63.81;;;3.5;;;118155565.38;8102.0;;1851786.0
CCME11;9.12;0.08;11.18;10.48;0.87;569872.95;6.46;;;710243260.93;4830.0;Ativa;67797053.0
CCRF11;92.5;0.632531;0.0;63.81;1.45;;3.5;;-2.57;118155565.38;8102.0;;1851786.0
CCVA11;98.97;0.649633;2.07;100.76;0.98;0.0;0.91;;;62219445.87;1.0;;617500.0
CENU11;100.0;;0.0;98.52;1.02;0.0;2.91;;;112292507.34;27.0;Ativa;1139780.0
CEOC11;40.05;0.465;13.07;72.38;0.55;33970.71;2.49;-3.5;-7.04;131426196.64;4501.0;Passiva;1815696.0
CFHI11;636.0;14.0;28.4;646.1;0.98;0.0;7.92;;;61120707.03;103.0;Ativa;94600.0
CFII11;952.6;47.4;11.76;1049.59;0.91;0.0;16.5;;;128910186.16;107.0;Ativa;122819.0
CIXM11;9.04;0.12;13.27;37.34;0.24;220499.5;0.17;;;228796538.66;108.0;Ativa;6127180.0
CIXR11;0.0;;0.0;63.81;;;3.5;;;118155565.38;8102.0;;1851786.0
CJCT11;51.05;0.09;3.25;71.82;0.71;357490.76;0.43;-11.81;-9.25;225510031.79;966.0;Passiva;3140000.0
CJFI11;0.0;;0.0;63.81;;;3.5;;;118155565.38;8102.0;;1851786.0
CLIN11;88.79;0.95;13.44;97.3;0.91;2134925.24;8.02;;;422961145.51;11389.0;Ativa;4346763.0
CNES11;1.15;0.00516;8.16;7.68;0.15;89618.9;5.26;-4.37;-27.44;262037861.86;108813.0;Ativa;34134825.0
COPP11;103.0;0.75;0.73;109.87;0.94;1827632.0;0.85;;;309840713.14;132.0;Ativa;2820016.0
CPFF11;61.92;0.49;12.11;75.02;0.83;219361.48;0.03;1.04;-3.78;191530307.2;8055.0;Ativa;2553074.0
CPFO11;0.0;;0.0;63.81;;;3.5;;;118155565.38;8102.0;;1851786.0
CPLG11;10.9;0.1;1.66;10.43;1.05;2386594.38;0.12;;;358321991.16;176.0;Ativa;34345220.0
CPOF11;109.0;0.85;8.0;109.87;0.99;593.71;0.85;;;309840713.14;132.0;Ativa;2820016.0
CPSH11;9.24;0.11;13.01;11.19;0.83;2376335.43;0.32;;;891969576.93;11838.0;Ativa;79699818.0
CPTS11;7.03;0.062;12.55;8.63;0.81;12811017.43;3.73;-11.67;-7.9;2744158527.53;376678.0;Ativa;317828140.0
CRFF11;73.9;0.61;10.54;81.86;0.9;19851.33;4.71;1.05;4.67;56484279.4;1358.0;Ativa;690040.0
CSMC11;0.0;15.1557;0.0;1034.94;;;5.38;;;1365585065.77;1.0;Ativa;1319483.0
CTEM11;7.12;;0.0;63.81;0.11;0.0;3.5;;;118155565.38;8102.0;;0.0
CTNP11;0.0;;0.0;63.81;;;3.5;;;118155565.38;8102.0;;1851786.0
CTXT11;6.03;0.01;0.0;27.03;0.22;1352.52;3.96;-23.8;-31.78;106015755.51;2445.0;Passiva;3921434.0
CVBI11;85.7;0.9;12.92;92.88;0.92;2231682.29;8.18;-5.09;-3.25;1022598364.36;93015.0;Ativa;11010228.0
CVPR11;0.0;0.1;0.0;102.58;;;26.95;;;3764560.28;2.0;Ativa;36699.0
CXAG11;71.15;0.69;11.78;115.58;0.62;237354.43;1.64;;;241633524.95;12483.0;Ativa;2090621.0
CXCE11;39.66;0.433769;12.71;64.5;0.61;17143.48;6.72;4.56;-0.08;110485267.5;3294.0;Passiva;1712950.0
CXCI11;72.75;0.75;12.7;85.19;0.85;139233.57;4.84;;;175292253.82;5336.0;Ativa;2057726.0
CXCO11;54.26;0.4949;15.2;101.99;0.53;218987.38;0.82;-0.34;-9.72;400278019.76;13451.0;Passiva;3924500.0
CXRI11;72.89;0.59;10.45;82.01;0.89;42266.62;4.86;2.43;3.53;129223138.22;1953.0;Ativa;1575760.0
CXTL11;213.0;1.545946;12.05;399.19;0.53;2237.52;2.91;34.25;-10.06;21395253.87;697.0;Passiva;53597.0
CYCR11;8.81;0.09;14.19;9.43;0.93;681626.19;35.49;-4.91;-3.39;344494732.96;20035.0;Ativa;36549445.0
CYLD11;100.0;;0.0;118.88;0.84;1363636.36;10.92;;;147636487.15;107.0;Ativa;1241847.0
DAMA11;9.59;0.08;5.01;9.27;1.03;3795.76;4.97;;;42817034.3;719.0;;4620372.0
DAMT11B;11.45;0.042538;0.85;13.86;0.83;14.0;7.27;;124.64;246416467.0;538.0;Passiva;17779747.0
DEVA11;30.78;0.45;20.01;99.59;0.31;938358.52;3.53;-24.44;-30.61;1398736895.82;99631.0;Ativa;14044908.0
DLMT11;0.0;0.002316;0.0;0.6;;;9.68;-21.04;;7912868.89;9.0;Ativa;13225796.0
DMAC11;13.0;4.894618;0.0;63.81;0.2;;3.5;;;118155565.38;8102.0;;1851786.0
DOMC11;439.0;;0.0;102.18;4.3;;0.35;;;249697796.14;1091.0;Ativa;2443800.0
DOVL11B;1200.69;6.242107;7.43;653.3;1.84;;5.18;21.41;;43382831.04;100.0;Ativa;66406.0
DPRO11;6.94;0.055;8.96;9.2;0.75;4966.9;1.36;;;46040465.98;737.0;Ativa;5003220.0
DRIT11B;83.3;0.34;16.91;128.53;0.65;;30.43;24.15;-1.05;59546014.82;364.0;Ativa;463277.0
DVFF11;6.64;0.07;12.71;8.36;0.8;11508.14;6.19;-1.22;-7.89;92016009.14;1748.0;Ativa;11009500.0
DVLP11;130.49;;0.0;130.61;1.0;4869.64;8.14;;;72774823.94;287.0;Ativa;557199.0
DVLT11;100.0;;0.0;98.74;1.01;0.0;19.96;;;24359423.04;190.0;Ativa;246712.0
EAGL11;0.0;;0.0;;;;;;;;;;0.0
EDFO11B;229.98;1.296417;9.01;223.26;1.03;;1.28;2.52;5.65;52689845.4;511.0;Passiva;236000.0
EDGA11;17.81;0.06;5.04;62.56;0.28;18858.19;0.62;-14.76;-8.41;238474358.5;4456.0;Passiva;3812055.0
EDGE11;0.0;;0.0;1002.27;;;87.47;;;4795865.43;16.0;Ativa;4785.0
EGDB11;1045.68;;0.0;857.97;1.22;3074.95;0.29;;;45715434.44;1650.0;Ativa;53283.0
EGYR11;3.6;;0.0;122.57;0.03;795.52;0.01;;8.23;92984530.29;45.0;Passiva;758620.0
ELDO11B;762.38;7.5;17.5;1616.87;0.47;;0.46;14.44;;1272887619.29;113.0;Passiva;787256.0
EMET11;10.0;;0.0;9.75;1.03;221340.14;1.03;;;48744056.45;49.0;Ativa;5000000.0
EQIR11;8.27;0.095;13.8;9.6;0.86;198700.43;7.52;;-5.69;104782914.95;11438.0;Ativa;10909315.0
ERCR11;15707.85;1868.75;11.9;26750.99;0.59;0.0;0.42;;2.73;63560345.18;10.0;Passiva;2376.0
ERPA11;133.2;0.84;7.18;141.93;0.94;106050.57;1.14;;;71095875.51;443.0;Passiva;500922.0
ESTQ11;0.0;;0.0;0.01;;;110.07;;;809255.11;5.0;Ativa;65361974.0
EURO11;223.27;1.88;10.1;338.11;0.66;51207.38;1.82;2.48;5.34;129813188.02;2190.0;Passiva;383936.0
EVBI11;9.5;0.08;8.79;9.85;0.96;237866.48;0.02;0.45;0.5;411111480.82;1336.0;Ativa;41742438.0
EXES11;9.6;0.1;10.76;9.13;1.05;28471.62;3.61;;;64854403.56;399.0;Ativa;7105444.0
FAED11;147.84;1.58;13.12;219.83;0.64;78825.48;1.84;2.62;1.66;152202971.24;4444.0;Passiva;692377.0
FAGL11;0.0;;0.0;63.81;;;3.5;;;118155565.38;8102.0;;1851786.0
FAMB11B;609.99;9.16;0.0;2142.37;0.28;47041.93;1.9;-9.82;-15.19;262521190.51;2210.0;Passiva;122538.0
FAOE11;926.9;11.1609;2.28;0.0;;0.0;;;;0.0;0.0;Ativa;0.0
FARU11;0.0;;0.0;63.81;;;3.5;;;118155565.38;8102.0;;1851786.0
FATN11;86.69;0.85;11.77;102.41;0.85;553533.67;8.48;1.41;-3.08;352893928.61;19825.0;Ativa;3445767.0
FCAS11;0.0;0.121915;0.0;63.81;;;3.5;;;118155565.38;8102.0;;1851786.0
FCFL11;112.0;0.85;9.08;122.9;0.91;254579.67;0.46;1.01;5.88;426963667.5;3813.0;Ativa;3474010.0
FGPM11;0.0;;0.0;63.81;;;3.5;;;118155565.38;8102.0;;1851786.0
FIGS11;48.98;0.43;10.62;81.25;0.6;108639.1;0.9;5.49;0.43;231571161.57;13061.0;Passiva;2850000.0
FIIB11;496.2;3.75;8.62;472.36;1.05;321744.81;1.33;1.39;6.26;323569137.41;15943.0;Passiva;685000.0
FIIC11;0.0;;0.0;63.81;;;3.5;;;118155565.38;8102.0;;1851786.0
FIIP11B;161.37;1.4;10.68;200.92;0.8;0.0;1.52;3.15;2.6;186286045.35;6861.0;Passiva;927162.0
FINF11;0.0;0.274845;0.0;38.68;;;3.0;4.06;;31724480.65;4.0;Ativa;820112.0
FISC11;50.02;0.47;9.24;120.5;0.42;38856.43;0.75;23.52;;204845565.95;192.0;Ativa;1699996.0
FISD11;149.33;6.526269;0.0;57.81;2.58;0.0;3.27;;;62009536.64;23.0;Ativa;1072588.0
FIVN11;2.13;;0.0;6.9;0.31;2380.67;0.0;;3.52;64950293.1;3581.0;Passiva;9412630.0
FLCR11;97.3;1.15;13.9;96.99;1.0;509645.14;12.65;-5.32;1.29;61455571.61;3194.0;Ativa;633604.0
FLFL11;0.0;0.18;0.0;142.51;;;4.07;;;492279207.23;1.0;Ativa;3454262.0
FLMA11;135.03;1.23;8.98;217.36;0.62;72005.57;1.08;8.34;5.65;300101710.89;13285.0;Ativa;1380670.0
FLNR11;1273.88;;0.0;1229.77;1.04;0.0;0.53;;;156005106.38;125.0;Passiva;126856.0
FLRP11;1900.0;13.0;8.58;2287.98;0.83;11131.38;1.06;13.21;18.65;164734569.18;811.0;Passiva;72000.0
FMOF11;50.37;0.5;1.91;117.28;0.43;228.05;1.92;8.89;-8.88;59579536.76;260.0;Passiva;508008.0
FOFT11;123.0;1.9;0.0;7.0;17.57;;2.33;-47.71;;250509603.82;11454.0;Ativa;35769919.0
FPAB11;220.0;1.25;4.83;341.98;0.64;23873.95;5.32;-16.82;2.91;256485958.16;778.0;;750000.0
FPNG11;290.01;0.5;0.64;173.73;1.67;251.76;1.5;-0.7;;404668655.35;128.0;Ativa;2329292.0
FRHY11;0.0;1.03;0.0;18.0;;;85.32;;;2349387.59;7.0;Ativa;130500.0
FTCE11B;2900.89;32.843071;3.17;2824.94;1.03;;4.29;;;3300794225.99;126.0;Ativa;1168446.0
FVBI11;94.97;0.369573;0.0;63.81;1.49;;3.5;142.93;;118155565.38;8102.0;;1851786.0
FVPQ11;49.44;0.41;14.87;190.71;0.26;74389.9;1.05;-2.86;-21.26;534020574.02;4161.0;Passiva;2800149.0
GAME11;8.59;0.09;12.81;9.49;0.91;81270.0;0.5;-8.92;;206002084.97;24143.0;Ativa;21697677.0
GARE11;9.08;0.092;11.48;9.0;1.01;7566002.86;0.53;1.89;-1.57;1133131462.28;272842.0;Ativa;125866045.0
GCDL11;102.68;;0.0;82.82;1.24;3558.0;1.85;;;7315423.52;760.0;Ativa;88330.0
GCFF11;69.3;0.75;0.0;63.81;1.09;;3.5;;0.66;118155565.38;8102.0;;1851786.0
GCOI11;98.99;0.80587;0.0;94.93;1.04;0.0;8.48;;;10726744.06;354.0;Ativa;113000.0
GCRI11;64.63;0.87;16.69;91.87;0.7;117887.24;1.23;-11.58;-10.31;133564504.63;4490.0;Ativa;1453859.0
GESE11B;1520.0;14.973763;77.79;63.81;23.82;;3.5;118.15;;118155565.38;8102.0;;1851786.0
GGRC11;10.03;0.1;11.05;11.29;0.89;1667932.0;3.16;0.67;-0.62;1194417360.14;132517.0;Ativa;105802729.0
GLOG11;56.99;0.5;11.21;108.66;0.52;73060.14;1.79;-11.02;-7.92;81493743.39;2362.0;Ativa;750000.0
GLPL11;0.0;;0.0;63.81;;;3.5;;;118155565.38;8102.0;;1851786.0
GRLV11;104.51;0.17;0.0;63.81;1.64;;3.5;135.25;;118155565.38;8102.0;;1851786.0
GRUL11;8.42;0.11;1.31;9.57;0.88;453698.05;2.68;;;236444620.0;4298.0;Ativa;24700000.0
GSFI11;7.79;;0.0;13.49;0.58;133270.05;0.94;;21.62;1262496897.54;7257.0;Ativa;93558184.0
GTLG11;63.99;0.84;0.0;63.81;1.0;;3.5;;-14.67;118155565.38;8102.0;;1851786.0
GTWR11;72.87;0.79;13.06;101.43;0.72;755395.95;1.61;2.47;2.06;1217203996.8;40009.0;Ativa;12000000.0
GURB11;108.0;0.7;1.3;115.57;0.93;5000076.0;4.41;;;131194648.86;1.0;Ativa;1135160.0
GVBI11;0.0;;0.0;63.81;;;3.5;;;118155565.38;8102.0;;1851786.0
GZIT11;45.67;0.78;17.42;94.78;0.48;1105189.43;1.25;;;2070008539.59;5122.0;Ativa;21841231.0
HAAA11;33.11;0.08;6.64;74.77;0.44;1617.52;0.62;-30.59;-28.54;258319283.19;244.0;Ativa;3455000.0
HABT11;74.6;0.9;16.3;94.84;0.79;1484933.14;3.41;-6.08;-11.21;770705858.88;67508.0;Ativa;8126783.0
HBCR11;136.0;0.8;7.34;129.41;1.05;12576840.29;6.95;1.79;10.9;207050259.46;42.0;Ativa;1600000.0
HBTT11;1055.0;16.58;0.0;63.81;16.53;;3.5;;;118155565.38;8102.0;;1851786.0
HCHG11;70.8;0.85;12.5;93.75;0.76;18047.67;10.33;-5.54;-5.67;112496713.78;733.0;Ativa;1200000.0
HCPR11;0.0;;0.0;63.81;;;3.5;;;118155565.38;8102.0;;1851786.0
HCRI11;275.39;2.748854;11.81;321.47;0.85;40421.43;2.07;-2.42;-2.74;64294457.42;3147.0;Passiva;200000.0
HCST11;49.62;;0.0;76.74;0.65;38.27;0.71;;;40767780.11;59.0;Ativa;531226.0
HCTR11;27.0;0.37;16.58;114.31;0.24;971997.24;0.44;-36.11;-37.25;2524337724.19;154617.0;Ativa;22084202.0
HDEL11;116.0;10.1;18.71;84.64;1.37;0.0;3.63;;;71100832.85;114.0;Passiva;840000.0
HDOF11;95.0;;0.0;97.18;0.98;35289.77;14.19;;;239077423.42;117.0;Ativa;2460072.0
HFOF11;59.94;0.58;12.49;71.76;0.83;1898776.86;2.25;0.91;-7.01;1653617236.1;73736.0;Ativa;23044389.0
HGBL11;10.17;0.15;14.26;9.72;1.05;1493263.52;4.17;;;118884835.34;2618.0;Ativa;12233472.0
HGBS11;194.74;1.6;10.73;224.49;0.87;2850776.57;1.21;12.32;7.76;2857651954.31;125953.0;Ativa;12729800.0
HGCR11;95.72;0.95;12.02;98.41;0.97;3547959.24;9.16;-5.39;-1.14;1517301458.95;100410.0;Ativa;15418106.0
HGFF11;74.48;0.7;11.28;83.03;0.9;396628.19;7.07;4.46;5.51;237773920.09;15414.0;Ativa;2863597.0
HGIC11;88.81;1.0;12.7;111.92;0.79;3992.48;8.99;-4.54;-3.71;51784267.46;461.0;Ativa;462706.0
HGLG11;154.12;1.1;8.56;156.85;0.98;7921772.57;1.81;-6.31;0.29;5299488783.84;492957.0;Ativa;33787575.0
HGPO11;124.34;1.75;120.4;155.43;0.8;851010.67;126.75;104.42;13.19;272481152.1;11809.0;Passiva;1753057.0
HGRE11;102.78;0.78;10.23;152.18;0.67;1483628.81;0.98;-1.45;-2.42;1798394344.93;147185.0;Ativa;11817767.0
HGRS11;0.0;8.3;0.0;63.81;;;3.5;;;118155565.38;8102.0;;1851786.0
HGRU11;116.73;0.9;10.36;124.21;0.94;4682142.81;1.18;6.77;4.5;2886380163.01;206632.0;Ativa;23238024.0
HILG11;197.24;1.368162;8.72;187.43;1.05;9.43;1.32;;;98634671.86;51.0;Ativa;526253.0
HLMB11;0.0;;0.0;1260.32;;;2.25;;;68863494.37;53.0;Ativa;54639.0
HLOG11;82.5;0.4;6.93;115.46;0.71;95109.48;0.44;-9.67;-4.27;490687724.4;3671.0;Ativa;4250000.0
HMOC11;226.95;23.8;0.0;63.81;3.56;;3.5;122.18;;118155565.38;8102.0;;1851786.0
HOFC11;24.81;0.21;2.3;70.22;0.35;73220.29;0.72;-22.89;-22.05;265352814.35;5281.0;Ativa;3779001.0
HOMS11;0.0;;0.0;44.69;;;270.11;;;1745865.91;837.0;Ativa;39067.0
HOSI11;85.46;0.6536;10.69;92.33;0.93;110910.95;2.48;22.16;6.46;52947987.14;1332.0;Ativa;573450.0
HPDP11;87.61;0.53;7.26;95.5;0.92;165746.19;0.8;4.65;4.2;313998094.37;398.0;Passiva;3288000.0
HRDF11;3.02;6.8;0.0;8.82;0.34;952.71;20.66;;32.78;13390591.83;1032.0;Ativa;1517425.0
HREC11;8.17;0.08;11.95;8.81;0.92;333556.48;1.56;-7.1;-4.52;454060397.06;2816.0;Ativa;51567650.0
HRES11;147.64;1.601736;10.07;125.11;1.18;0.0;2.56;;;58579889.5;132.0;Ativa;468241.0
HSAF11;76.99;0.8;13.58;87.28;0.88;558155.48;9.39;-7.26;-3.1;220506850.06;10077.0;Ativa;2526360.0
HSLG11;81.0;0.74;10.96;104.25;0.78;622871.14;7.5;4.64;1.38;1319774152.7;39991.0;Ativa;12660067.0
HSML11;85.16;0.8;11.1;107.71;0.79;3718738.95;3.98;8.83;7.22;2241190080.44;196926.0;Ativa;20808572.0
HSRE11;96.0;0.96;9.41;94.14;1.02;1577128.62;2.85;7.3;1.06;837737654.64;325.0;Ativa;8898724.0
HTMX11;154.78;2.365658;17.16;132.57;1.17;1642411.57;5.12;42.47;22.76;199427707.41;35467.0;Ativa;1504334.0
HUCG11;87.09;0.22;0.48;103.72;0.84;654.52;3.76;;;116370263.83;245.0;Passiva;1122000.0
HUSC11;103.28;0.9;10.27;151.76;0.68;2943.05;0.57;3.83;-3.33;129123906.58;760.0;Passiva;850821.0
HUSI11;1211.43;8.585652;8.08;1189.04;1.02;0.0;1.96;;;138359223.07;103.0;Ativa;116362.0
IBBP11;0.0;;0.0;7.56;;;12.63;;;347350960.85;375.0;Ativa;30488857.0
IBCR11;56.43;0.75;18.66;95.22;0.59;104307.71;5.61;-12.57;-12.66;91259177.91;3863.0;Ativa;958423.0
IBFF11;66.4;0.296485;0.0;63.81;1.04;;3.5;;4.05;118155565.38;8102.0;;1851786.0
ICNE11;666.6;12.343337;28.74;805.95;0.83;0.0;0.43;;;96713781.25;5.0;Ativa;120000.0
ICRI11;94.31;1.45;9.11;100.73;0.94;1468773.14;27.0;;;388542570.64;6369.0;Ativa;3857359.0
IDFI11;2.0;0.034026;74.91;1.6;1.25;11776.14;101.44;-50.79;-48.39;3283391.87;617.0;Ativa;2057925.0
IDGR11;3.0;0.008834;21.0;2.55;1.18;1983.19;33.74;;;2249712.09;154.0;Ativa;883359.0
IDUA11;65.31;0.542646;6.48;76.27;0.86;0.0;5.53;;;30684369.46;2.0;Ativa;402311.0
IMOV11;0.0;0.09;0.0;9.04;;;3.84;;;480204850.95;13027.0;Ativa;53092572.0
INDE11;102.77;;0.0;86.69;1.19;0.0;16.95;;;20755684.92;172.0;Ativa;239429.0
INLG11;73.65;0.8;11.99;99.45;0.74;198699.95;6.77;6.74;0.94;448713267.13;19594.0;Ativa;4512103.0
INRD11;68.7;0.6;9.77;117.52;0.58;78880.38;1.21;0.45;-5.97;132881187.86;8036.0;Ativa;1130706.0
IRDM11;66.68;0.75;13.62;83.31;0.8;3713158.43;3.1;-13.79;-12.26;3035347311.11;285375.0;Ativa;36433827.0
IRIM11;67.21;0.85;14.64;85.92;0.78;64182.19;3.96;-15.77;-13.91;164956806.41;2569.0;Ativa;1920000.0
ISCJ11;90.0;;0.0;140.51;0.64;347.73;0.42;;;44116123.63;89.0;Ativa;313970.0
ITIP11;71.0;0.64;11.72;69.72;1.02;66942.43;1.19;-10.25;-3.84;52157352.35;10274.0;Passiva;748151.0
ITIT11;69.85;0.6;10.64;75.47;0.93;91472.19;1.2;3.77;-1.98;67959406.13;11497.0;Passiva;900494.0
ITRI11;80.57;0.85;6.86;92.23;0.87;2042120.43;3.91;;;576455379.99;18433.0;Ativa;6250000.0
IVCI11;97.6;2.4;2.46;99.68;0.98;0.0;2.04;;;49838996.43;16.0;Ativa;500000.0
JASC11;99.99;0.61;7.09;107.26;0.93;12816.14;3.85;;;374275484.82;168.0;Ativa;3489342.0
JBFO11;81.49;0.516;2.77;75.73;1.08;0.0;15.62;;-0.45;96860576.67;366.0;Ativa;1279070.0
JCCJ11;157.0;0.455498;2.74;179.01;0.88;1477931.9;1.2;;;298671800.64;115.0;Passiva;1668505.0
JCDA11;0.0;;0.0;17.44;;;0.35;;;264347558.49;50.0;Passiva;15159655.0
JCDB11;0.0;;0.0;198.46;;;1.45;;;206984302.33;58.0;Ativa;1042957.0
JCIN11;150.17;0.610905;2.02;149.49;1.0;0.0;0.71;;;196986234.08;7.0;Passiva;1317717.0
JFLL11;73.69;0.6;9.99;103.88;0.71;1857391.0;1.92;-0.45;4.19;155886525.2;3209.0;Ativa;1500598.0
JPPA11;81.37;1.05;14.89;96.56;0.84;185963.33;9.81;-14.16;-3.09;87292377.89;7574.0;Ativa;904050.0
JPPC11;183.05;0.17;0.0;511.56;0.36;16.64;3.48;;;28135994.25;89.0;Ativa;55000.0
JRDM11;85.9;0.4;0.0;63.81;1.35;;3.5;28.9;11.63;118155565.38;8102.0;;1851786.0
JSAF11;81.97;0.91;14.31;90.2;0.91;2278203.9;6.66;3.27;-4.92;699232365.35;18226.0;Ativa;7752329.0
JSCR11;85.44;0.92;3.83;95.08;0.9;264979.9;9.56;;;210478145.84;2869.0;Ativa;2213710.0
JSRE11;60.83;0.48;9.34;109.62;0.55;2166566.33;0.24;-2.02;-2.93;2276496116.46;96556.0;Ativa;20767328.0
JTPR11;2517.0;1.630372;0.0;72.67;34.64;;6.25;;;15600220.75;8.0;Ativa;214674.0
KCRE11;8.77;0.08;12.69;9.66;0.91;481036.14;3.15;;;347721760.16;14743.0;Ativa;36000000.0
KEVE11;960.0;1.015565;0.25;649.3;1.48;40090.1;7.57;;4.53;95901899.16;443.0;Passiva;147700.0
KFEN11;0.0;;0.0;969.59;;;12.69;;;167051792.99;127.0;Ativa;172291.0
KFOF11;76.65;0.75;12.46;87.58;0.88;2055428.24;1.58;6.41;5.0;614368899.1;22875.0;Ativa;7014565.0
KINP11;9.82;3.053493;0.0;63.81;0.15;;3.5;;-7.75;118155565.38;8102.0;;1851786.0
KISU11;7.12;0.066;12.35;8.01;0.89;801622.14;3.07;0.93;0.81;353951224.59;121221.0;Ativa;44196050.0
KIVO11;73.78;0.9;16.77;88.43;0.83;803108.62;3.76;;;196554797.62;6706.0;Ativa;2222736.0
KLOG11;0.0;;0.0;0.96;;;5.39;;;290931626.22;354.0;Ativa;303999447.0
KNCR11;102.78;1.02;11.54;101.58;1.01;11891373.38;2.79;-0.31;3.33;7058464652.93;377898.0;Ativa;69489274.0
KNHF11;86.72;0.9;12.6;98.25;0.89;4873318.05;16.35;;;1931943588.41;37704.0;Ativa;19663235.0
KNHY11;102.06;1.0;12.83;100.18;1.02;3880207.52;2.85;-2.1;0.73;2822117307.32;28110.0;Ativa;28169507.0
KNIP11;90.87;0.7;11.1;93.79;0.97;8839196.33;5.16;-10.26;-2.44;7510750454.63;76768.0;Ativa;80078186.0
KNPR11;0.0;5.17;0.0;90.69;;;5.62;;;52590159.42;593.0;Ativa;579911.0
KNRE11;0.24;0.037742;0.0;0.81;0.3;2153.14;13.22;;-48.43;15009216.67;6335.0;Ativa;18547161.0
KNRI11;135.55;1.0;8.86;161.64;0.84;5612619.0;3.02;5.43;1.5;4558955761.68;286707.0;Ativa;28204047.0
KNSC11;8.39;0.08;11.9;8.89;0.94;5780892.57;11.38;-6.99;-2.88;1798264372.43;180568.0;Ativa;202202385.0
KNUQ11;103.11;1.1;12.42;101.04;1.02;3219232.76;6.78;;;1547163056.18;23907.0;Ativa;15312517.0
KOPI11;0.0;;0.0;63.81;;;3.5;;;118155565.38;8102.0;;1851786.0
KORE11;81.68;1.25;16.14;105.98;0.77;3423610.57;1.32;;;1020057494.88;19912.0;Ativa;9625000.0
KRES11;0.0;;0.0;1.0;;;58.21;;;229888470.97;131.0;Ativa;228999919.0
LASC11;109.99;0.63;6.9;125.98;0.87;72501.95;0.87;1.84;7.05;370415268.35;401.0;Passiva;2940298.0
LATR11B;9.51;9.9985;0.0;63.81;0.15;;3.5;;;118155565.38;8102.0;;1851786.0
LAVF11;0.0;1.3;0.0;63.81;;;3.5;;;118155565.38;8102.0;;1851786.0
LFTT11;8.66;3.668145;0.0;20.09;0.43;23696.05;7.25;;-56.57;65609766.66;586.0;Ativa;3265000.0
LIFE11;9.44;0.135;16.61;9.94;0.95;881817.52;4.69;;;341603348.2;13038.0;Ativa;34368608.0
LKDV11;997.23;;0.0;1102.34;0.9;0.0;1.06;;;73648621.37;69.0;Ativa;66811.0
LLAO11;65.97;1.7;2.58;61.18;1.08;0.0;8.22;;;22096064.44;77.0;Ativa;361140.0
LOFT11B;29.9;0.201705;0.0;4.02;7.44;;7.06;;;7892664.0;1.0;Ativa;1962500.0
LPLP11;386.68;6.258795;21.03;334.56;1.16;0.0;0.12;-10.84;;166783658.05;8.0;Ativa;498510.0
LRDI11;100.0;;0.0;97.02;1.03;1553.76;0.74;;;35875506.5;19.0;Ativa;369779.0
LRED11;0.0;;0.0;10.17;;;22.8;;;9151986.13;28.0;Ativa;899813.0
LSOI11;85.0;;0.0;9.81;8.66;;7.36;;;11822798.52;9.0;Ativa;1204811.0
LSPA11;28.1;0.25;170.68;20.8;1.35;11555.0;56.89;83.02;;8415548.38;707.0;Ativa;404500.0
LTMT11;86.81;8.379118;9.65;96.05;0.9;0.0;1.12;;;10065415.24;114.0;Ativa;104791.0
LVBI11;101.04;0.83;10.71;124.52;0.81;3499840.67;7.7;7.24;5.86;2007145260.48;135970.0;Ativa;16118565.0
MADS11;0.0;;0.0;63.81;;;3.5;;;118155565.38;8102.0;;1851786.0
MALL11;96.7;0.78;10.39;119.28;0.81;2024061.71;4.55;5.04;6.5;1547401137.92;133118.0;Ativa;12972967.0
MANA11;8.42;0.1;14.73;9.31;0.9;1573017.05;6.73;;;349483377.61;15877.0;Ativa;37536140.0
MATV11;86.63;0.6;0.0;63.81;1.36;;3.5;;-4.83;118155565.38;8102.0;;1851786.0
MAXR11;65.93;2.4;15.43;121.4;0.54;945182.57;8.28;10.06;-0.78;136658484.24;4287.0;Ativa;1125655.0
MCCI11;83.81;0.8;11.61;91.93;0.92;3310224.14;6.2;-8.04;-3.52;1559079404.84;109380.0;Ativa;16960024.0
MCEM11;109.0;;0.0;59.89;1.82;520.27;0.72;;;86527205.94;107.0;Ativa;1444860.0
MCHF11;9.1;0.07;2.42;63.81;0.14;1778820.09;3.5;;-3.06;118155565.38;8102.0;;1851786.0
MCRE11;8.09;0.1;16.28;9.57;0.85;4268437.81;9.4;-6.98;-10.6;1068543906.54;97406.0;;111598921.0
MFAI11;69.98;0.72;7.17;71.92;0.97;0.0;46.51;-11.46;2.9;27988600.04;2301.0;Ativa;389185.0
MFCR11;26.3;0.33;19.39;26.87;0.98;5181.24;2.34;;;2719814.19;594.0;Ativa;101230.0
MFII11;95.0;1.17;14.85;107.58;0.88;1206171.33;2.46;0.94;-1.14;560732542.69;32803.0;Ativa;5212395.0
MGCR11;9.4;0.1;0.0;63.81;0.15;;3.5;;3.05;118155565.38;8102.0;;1851786.0
MGFF11;69.99;0.52;0.74;63.81;1.1;2558695.75;3.5;-2.71;5.72;118155565.38;8102.0;;1851786.0
MGHT11;13.81;0.13;25.56;51.31;0.27;27350.05;6.5;-14.07;-46.16;67412093.84;5390.0;;1313784.0
MGIM11;101.5;0.176173;0.0;63.81;1.59;;3.5;;;118155565.38;8102.0;;1851786.0
MGLC11;0.0;;0.0;63.81;;;3.5;;;118155565.38;8102.0;;1851786.0
MGRI11;58.18;1.45;29.49;90.55;0.64;0.0;1.95;;;22312376.05;1.0;Ativa;246400.0
MINT11;96.5;3.355558;4.82;104.31;0.93;3393.9;14.23;;1.6;54242905.67;95.0;Ativa;520000.0
MMPD11;0.0;0.638851;0.0;113.65;;;5.57;;;60292576.67;103.0;Ativa;530497.0
MMVE11;151.2;;0.0;78.31;1.93;0.0;0.24;;;36414821.33;141.0;Ativa;465000.0
MOFF11;0.0;;0.0;807.78;;;0.77;;;177072667.86;3.0;Ativa;219210.0
MORC11;89.87;0.33;3.48;63.81;1.41;1741368.33;3.5;;-1.83;118155565.38;8102.0;;1851786.0
MORE11;76.21;0.7;0.0;63.81;1.19;1327577.67;3.5;-3.3;2.6;118155565.38;8102.0;;1851786.0
MTOF11;103.37;;0.0;67.49;1.53;0.0;1.27;;;141302860.67;2.0;Ativa;2093703.0
MTRS11;0.0;;0.0;63.81;;;3.5;;;118155565.38;8102.0;;1851786.0
MVFI11;0.0;;0.0;1.36;;;4.49;;;106336574.34;1.0;Ativa;78155673.0
MXRF11;9.21;0.09;12.91;9.52;0.97;18510049.14;6.92;-0.28;-0.96;4164747044.54;1220123.0;Ativa;437325297.0
N4V1;0.0;;0.0;63.81;;;3.5;;;118155565.38;8102.0;;1851786.0
N4V111;0.0;;0.0;63.81;;;3.5;;;118155565.38;8102.0;;1851786.0
NAVT11;72.08;0.9;20.72;82.6;0.88;128368.57;0.56;11.22;4.56;50574083.34;3095.0;Ativa;612282.0
NCHB11;8.32;0.098;14.66;9.86;0.84;312277.38;13.28;-11.26;-2.62;150725854.33;11885.0;Ativa;15281388.0
NCRI11;8.4;0.1;13.79;10.0;0.84;5962.43;3.15;;;39505007.1;948.0;Ativa;3949999.0
NELO11;0.0;9.573741;0.0;1500.9;;;1.23;;;658444664.96;2.0;Ativa;438700.0
NEWL11;101.85;0.95;11.65;131.0;0.78;207735.71;21.56;1.5;5.69;369082152.28;8279.0;Ativa;2817412.0
NEWU11;77.96;0.07;2.12;71.84;1.09;26738.57;5.7;-48.57;33.39;53303733.52;1241.0;Ativa;742000.0
NIVT11;0.0;;0.0;9.51;;;10.58;;;9604274.99;220.0;Ativa;1009617.0
NPAR11;12.82;1.196695;0.0;9.51;1.35;;10.58;;-3.35;9604274.99;220.0;Ativa;1009617.0
NSLU11;158.7;1.56;11.71;205.81;0.78;122945.86;3.41;2.52;-6.25;266173149.49;5716.0;Passiva;1293286.0
NVHO11;12.17;0.09036;9.0;15.27;0.8;8416.57;1.77;4.4;1.82;633706853.9;2000.0;Ativa;41494533.0
NVIF11B;227.5;1.11144;5.08;259.82;0.88;;7.66;16.76;;87664891.06;7.0;Ativa;337399.0
OBAL11;987.09;226.096566;22.91;1140.12;0.87;0.0;6.43;;;161074431.61;104.0;Ativa;141279.0
OCRE11;98.0;0.603064;9.05;96.33;1.02;13433.95;3.73;;;40747068.53;498.0;Ativa;422986.0
OGHY11;8.72;0.09;2.06;63.81;0.14;22847.1;3.5;;;118155565.38;8102.0;;1851786.0
ONDV11;0.0;;0.0;9.51;;;10.58;;;9604274.99;220.0;Ativa;1009617.0
ONEF11;200.03;0.031;16.78;63.81;3.13;114431.47;3.5;66.84;11.19;118155565.38;8102.0;;1851786.0
OPTM11;0.0;0.14;0.0;62.55;;;3.15;;;4585003.76;63.0;Ativa;73304.0
ORPD11;93.0;1.37931;0.0;143.31;0.65;;0.0;;;41560282.72;6.0;Ativa;290000.0
OUFF11;61.1;0.7558;8.62;0.0;;264340.11;;-0.22;-0.31;0.0;0.0;Ativa;0.0
OUJP11;77.88;0.9;13.75;98.7;0.79;631968.05;7.83;-10.18;-1.25;321002188.61;27150.0;Ativa;3252384.0
OULG11;31.6;0.3;1.9;64.13;0.49;126491.76;8.46;-10.49;-13.54;159126605.82;4218.0;Ativa;2481283.0
OURE11;78.2;1.085;9.26;0.0;;0.0;;-3.46;-1.94;0.0;0.0;Ativa;0.0
PABY11;13.12;;0.0;-25.95;;162.81;;;3.05;-19683086.56;567.0;Passiva;758400.0
PATA11;10.5;0.087886;2.38;10.01;1.05;3062.14;7.22;;;17042846.93;190.0;Ativa;1702007.0
PATB11;0.0;7.054465;0.0;194.48;;;1.12;;;781578576.15;1.0;Ativa;4018741.0
PATC11;33.97;0.15;12.98;41.17;0.83;48266.62;0.82;10.0;-17.28;143175032.03;6847.0;Ativa;3477434.0
PATL11;47.4;0.57;14.81;98.55;0.48;569883.48;1.33;0.38;-7.52;491918033.25;25578.0;Ativa;4991535.0
PBLV11;663.11;45.64211;13.34;1600.3;0.41;0.0;1.89;;;6625139333.01;2.0;Ativa;4139940.0
PCAS11;0.0;142.857143;0.0;4742.7;;;0.82;;;331988896.66;100.0;Passiva;70000.0
PEMA11;30.5;0.509;18.0;66.87;0.46;573.62;0.91;-25.91;-21.3;36910297.5;326.0;Ativa;552000.0
PLCR11;78.75;0.75;11.83;91.03;0.87;291637.52;10.43;-10.73;-1.6;192003055.15;16023.0;Ativa;2109169.0
PLRI11;10.16;0.026197;45.93;19.89;0.51;666.29;2.77;4.18;-17.33;18978716.6;698.0;Ativa;954304.0
PMFO11;88.56;0.83;11.59;86.93;1.02;0.0;1.72;;;69310490.18;174.0;Ativa;797295.0
PMIS11;8.67;0.1;12.95;9.27;0.93;315426.81;11.12;;;137178529.89;8047.0;Ativa;14803242.0
PNCR11;59.99;0.76;19.82;60.04;1.0;117.14;1.36;;;30020902.6;109.0;Ativa;500000.0
PNDL11;1172.0;3.41;0.55;1075.53;1.09;2236.67;7.89;;;155232834.84;62.0;Ativa;144332.0
PNLN11;0.0;;0.0;99.19;;;0.71;;;13732496.3;51.0;Ativa;138452.0
PNPR11;75.5;1.23;1.63;72.75;1.04;13424.62;0.13;;;65318285.21;26.0;Ativa;897816.0
PNRC11;103.42;0.8;15.31;98.18;1.05;0.0;6.74;;;40263648.59;105.0;Ativa;410100.0
PORD11;8.0;0.091;13.98;9.57;0.84;571918.43;22.93;-9.29;-2.76;356848862.93;37803.0;Ativa;37283750.0
PQAG11;57.87;0.46;9.49;57.49;1.01;1772.95;1.47;4.0;-0.45;804441008.45;479.0;Ativa;13991890.0
PQDP11;2040.01;16.062312;9.66;3458.55;0.59;238586.38;2.84;2.8;2.94;347795591.34;3598.0;Passiva;100561.0
PRSN11B;1.48;0.178088;12.03;3.32;0.45;;84.59;;-12.38;10718356.41;1025.0;Ativa;3231246.0
PRSV11;59.02;1.62;0.0;166.17;0.36;3843.29;0.19;28.92;-22.79;34016423.07;863.0;Passiva;204709.0
PRTS11;117.7;0.05487;0.0;63.81;1.84;;3.5;;;118155565.38;8102.0;;1851786.0
PRZS11;0.0;;0.0;132.68;;;0.0;;;98653741.6;20.0;Ativa;743538.0
PULV11;9.1;0.095;12.04;9.8;0.93;53525.43;2.19;;;117592127.57;721.0;Ativa;12000240.0
PVBI11;77.7;0.55;10.0;104.96;0.74;5297304.9;1.09;7.72;-0.64;2847459867.37;165266.0;Ativa;27130067.0
QAGR11;43.53;0.44;12.04;60.51;0.72;162630.9;1.24;3.51;-1.21;304952482.94;18596.0;Ativa;5040000.0
QAMI11;84.68;1.0;0.0;63.81;1.33;0.0;3.5;;-4.02;118155565.38;8102.0;;1851786.0
QIRI11;78.04;0.66;0.0;63.81;1.22;;3.5;;-3.75;118155565.38;8102.0;;1851786.0
QNTS11;0.0;0.0162;0.0;128.61;;;0.91;;;167778965.45;135.0;Ativa;1304552.0
QTZD11;0.0;;0.0;9.34;;;10.61;;;3970615.63;32.0;Ativa;425332.0
RBBV11;100.0;0.224057;0.0;63.81;1.57;;3.5;75.4;;118155565.38;8102.0;;1851786.0
RBCB11;19.0;0.3;0.0;63.81;0.3;;3.5;-15.04;;118155565.38;8102.0;;1851786.0
RBDS11;3.04;2.354143;0.0;18.67;0.16;226.29;21.29;18.99;-32.74;2362797.34;896.0;Ativa;126523.0
RBED11;110.0;8.4;21.2;136.27;0.81;1286705.19;6.62;18.94;-2.88;320910949.76;12277.0;Ativa;2355022.0
RBFF11;51.22;0.51;11.86;61.41;0.84;532531.62;3.78;1.29;1.54;230251676.34;24098.0;Ativa;3749215.0
RBGS11;28.45;0.1766;0.0;63.81;0.45;;3.5;4.91;-0.65;118155565.38;8102.0;;1851786.0
RBHG11;76.7;0.85;14.6;87.57;0.88;320204.95;3.14;-8.21;-0.66;189838549.44;10748.0;Ativa;2167957.0
RBHY11;82.52;1.0;14.84;93.36;0.88;232799.71;5.56;-10.31;-3.49;176778574.3;3539.0;Ativa;1893505.0
RBIR11;79.0;2.0;3.81;98.6;0.8;104773.38;2.3;;3.78;150714995.94;1563.0;Ativa;1528615.0
RBLG11;55.62;0.75;19.42;71.77;0.78;2112.43;2.91;3.15;-12.09;45944144.1;265.0;Ativa;640199.0
RBOP11;349.96;3.5;16.23;758.33;0.46;23434.24;5.02;-26.18;-19.47;77095275.68;3532.0;Ativa;101664.0
RBRD11;34.9;0.38;12.49;63.89;0.55;40820.86;3.66;0.39;-6.97;118317625.4;63.0;Ativa;1851786.0
RBRF11;6.79;0.09;10.43;8.55;0.79;2417620.86;4.64;-1.35;2.31;1169611226.35;128386.0;Ativa;136807700.0
RBRI11;916.82;47.0;18.22;1074.44;0.85;0.0;8.38;;;150061900.13;100.0;Ativa;139665.0
RBRL11;72.99;0.77;11.3;102.85;0.71;805690.67;1.07;0.76;-3.5;687779946.36;14656.0;Ativa;6687035.0
RBRM11;94794.81;2002.089652;0.0;5301.98;17.88;;100.0;;;2860101.93;54.0;Ativa;539.0
RBRP11;53.01;0.54;10.8;76.58;0.69;1025309.52;3.51;2.76;-5.95;932639267.7;81185.0;Ativa;12179186.0
RBRR11;83.63;0.8;11.68;92.62;0.9;3230146.29;1.07;-7.94;-2.99;1394603397.8;132467.0;Ativa;15057201.0
RBRS11;39.5;0.07;2.08;91.46;0.43;28651.95;2.61;0.07;-16.08;158624726.34;1107.0;Ativa;1734299.0
RBRU11;0.0;;0.0;63.81;;;3.5;;;118155565.38;8102.0;;1851786.0
RBRX11;8.16;0.08;13.99;9.58;0.85;734270.71;6.52;;;282406026.36;14370.0;Ativa;29468659.0
RBRY11;90.91;0.9;12.88;97.28;0.93;3736902.86;0.48;-6.92;-1.87;1242207588.82;62799.0;Ativa;12769512.0
RBTS11;605.0;22.998673;3.8;526.91;1.15;3284.14;0.37;;;29783865.28;140.0;Ativa;56525.0
RBVA11;95.06;1.0;12.61;134.18;0.71;1813703.24;1.47;0.91;0.59;1675317333.83;64498.0;Ativa;12485334.0
RBVO11;5.39;0.01;45.18;5.61;0.96;34726.38;100.29;71.05;-28.07;2892482.45;6830.0;Ativa;515824.0
RCFA11;0.97;;0.0;19.45;0.05;662.19;0.01;;20.1;11355442.56;280.0;Passiva;583926.0
RCFF11;71.02;19.0;29.31;123.5;0.58;9.19;23.59;;-9.25;39915851.69;80.0;Ativa;323200.0
RCKF11;0.0;;0.0;63.81;;;3.5;;;118155565.38;8102.0;;1851786.0
RCRB11;125.36;1.05;8.96;204.78;0.61;1335573.33;1.22;11.27;-1.11;755786600.34;33752.0;Ativa;3690695.0
RCRI11B;1200.0;12.481836;0.0;63.81;18.81;;3.5;;;118155565.38;8102.0;;1851786.0
RDCI11;0.0;31.15;0.0;85.19;;;12.23;;;221648662.79;114.0;Ativa;2601800.0
RDLI11;100.0;;0.0;94.76;1.06;0.0;1.1;;;153375144.51;210.0;Ativa;1618493.0
RDLS11;0.0;;0.0;1001.0;;;20.8;;;205204643.45;31.0;;205000.0
RECD11;11.25;;0.0;10.14;1.11;21236.0;29.33;;;55297398.94;144.0;Ativa;5453775.0
RECH11;0.0;;0.0;63.81;;;3.5;;;118155565.38;8102.0;;1851786.0
RECM11;9.89;;0.0;9.79;1.01;1998750.5;62.42;;;82206142.26;58.0;Ativa;8400517.0
RECR11;76.05;1.0806;13.72;92.08;0.82;2958413.0;6.53;-8.24;-6.38;2434740591.37;170849.0;Ativa;26441650.0
RECT11;28.25;0.36;15.89;91.99;0.31;338955.9;0.15;-9.85;-21.48;785911692.89;56626.0;Ativa;8543493.0
RECX11;67.99;0.6;7.34;72.48;0.94;0.0;17.45;-12.46;-7.99;15823826.78;577.0;Ativa;218313.0
REIT11;90.06;2.3373;9.83;284.32;0.32;8.57;9.88;;-51.46;7475126.43;67.0;Ativa;26291.0
RELG11;60.45;0.1;1.25;127.02;0.48;158091.9;0.39;-37.93;-6.45;169512288.59;4555.0;Ativa;1334562.0
RENV11;10.19;0.095;2.6;9.63;1.04;65471.14;21.53;;;9890399.22;0.0;Ativa;1026794.0
RFOF11;62.01;0.69;14.0;70.55;0.88;123854.24;4.44;2.46;-1.23;76067671.74;4688.0;Ativa;1078164.0
RINV11;104.0;1.1;13.82;100.94;1.03;477195.62;0.4;;;195680579.68;3568.0;Ativa;1938647.0
RMAI11;75.0;0.47;7.41;102.18;0.73;26024.19;0.35;14.98;31.94;249697796.14;1091.0;Ativa;2443800.0
RNDP11;41.17;0.69;25.16;62.88;0.65;8928.62;15.3;-39.16;-59.57;6758461.6;1236.0;Ativa;107481.0
RNGO11;46.0;0.38;10.0;83.7;0.55;121950.57;1.23;-0.5;-3.43;223972858.73;8769.0;Passiva;2676000.0
ROOF11;689.77;41.7154;0.0;486.37;1.42;0.0;10.33;;;37691539.23;79.0;Ativa;77495.0
RPRI11;87.05;0.95;13.88;99.29;0.88;559129.0;4.91;;;344691689.05;4553.0;Ativa;3471728.0
RRCI11;68.99;0.85;15.06;90.92;0.76;42935.57;10.7;-9.48;-2.54;43798999.08;2045.0;Ativa;481757.0
RSPD11;1025.0;20.132742;2.29;1079.79;0.95;195.24;2.16;;;160900935.52;140.0;Ativa;149011.0
RTEL11;0.0;;0.0;102.82;;;13.46;;;35698692.68;549.0;Ativa;347200.0
RVBI11;64.67;0.75;13.73;76.97;0.84;1549711.0;0.48;-0.37;-3.8;790903830.21;47725.0;Ativa;10276012.0
RZAK11;78.5;1.07;16.28;88.15;0.89;1720163.43;0.23;-9.92;-0.01;776375573.85;50385.0;Ativa;8807885.0
RZAT11;85.5;0.98;15.15;100.81;0.85;1431051.71;0.54;-8.21;-5.15;426954950.94;38348.0;Ativa;4235042.0
RZDM11;550.16;2.9;0.0;63.81;8.62;;3.5;;;118155565.38;8102.0;;1851786.0
RZLC11;1005.46;10.209911;2.02;991.96;1.01;1659488.14;2.4;;;49598116.55;1.0;Ativa;50000.0
RZTR11;88.12;0.9;12.94;97.77;0.9;5271211.48;1.44;-8.74;-1.56;1843152511.64;130863.0;Ativa;18851720.0
RZZI11;0.0;;0.0;1000.0;;;1.61;;;53415786.03;114.0;;53416.0
RZZR11;155.0;1.15;8.78;166.3;0.93;12224.81;1.77;2.69;2.76;800422005.14;437.0;Passiva;4813172.0
SACL11;0.0;;0.0;63.81;;;3.5;;;118155565.38;8102.0;;1851786.0
SADI11;8.27;0.087;13.3;9.53;0.87;312536.62;6.63;-0.42;1.53;147625427.83;10308.0;Ativa;15486840.0
SAIC11B;0.0;0.662215;0.0;55.03;;0.0;1.67;;;78685592.0;45.0;Passiva;1429740.0
SALI11;0.0;;0.0;90.47;;;5.71;;;7197987.15;2.0;Passiva;79565.0
SAPI11;8.25;0.09;12.15;9.83;0.84;335385.38;19.97;;;151742053.97;2663.0;Ativa;15436840.0
SARE11;3.65;0.02;10.58;8.69;0.42;700317.14;1.5;-20.46;-16.81;802202233.27;33997.0;Ativa;92343290.0
SBCL11;0.0;;0.0;9.37;;;121.31;;;281061.6;3.0;Ativa;30000.0
SCPF11;2.0;0.045;3.75;11.86;0.17;3572.0;0.55;6.06;-37.47;49812436.35;4748.0;Ativa;4200000.0
SEED11;100.12;1.07;11.17;89.6;1.12;47676.19;2.19;;;146942307.63;130.0;Ativa;1640000.0
SEQR11;50.1;0.5823;14.76;92.52;0.54;101508.57;1.55;-1.42;-11.44;154103734.31;5200.0;Ativa;1665695.0
SFND11;83.07;0.1;0.12;63.81;1.3;;3.5;115.88;;118155565.38;8102.0;;1851786.0
SFRO11;0.0;;0.0;63.81;;;3.5;;;118155565.38;8102.0;;1851786.0
SHDP11B;0.0;8.142849;0.0;1422.64;;;1.96;4.3;;1692553314.87;2.0;Passiva;1189725.0
SHOP11;54.49;;0.0;34.47;1.58;15.48;0.42;;;67286308.34;67.0;Ativa;1951967.0
SHPH11;821.26;4.5;6.99;923.29;0.89;194539.57;1.32;7.98;0.9;562234639.03;2271.0;Passiva;608950.0
SHSO11;0.0;0.42;0.0;63.81;;;3.5;;;118155565.38;8102.0;;1851786.0
SIGR11;99.9;1.295;5.22;99.96;1.0;76.19;7.74;;;68014346.05;183.0;Ativa;680426.0
SJAU11;64.56;11.88;18.4;62.83;1.03;419.19;0.0;;;498353891.68;213.0;Passiva;7932248.0
SLDZ11;0.0;;0.0;0.0;;;;;;0.0;2.0;Ativa;5025.0
SMRE11;99.0;1.013673;6.47;104.54;0.95;461330.43;51.48;;;98796188.54;2.0;Ativa;945078.0
SNCI11;86.49;1.0;13.35;98.05;0.88;596823.19;6.17;-8.45;-3.06;411830896.74;40957.0;Ativa;4200000.0
SNEL11;8.72;0.1;14.03;7.01;1.24;1033033.57;6.84;;;132425356.73;20206.0;Ativa;18898185.0
SNFF11;80.11;0.72;13.6;83.23;0.96;373047.9;8.53;8.64;-0.3;277346708.73;30176.0;Ativa;3332266.0
SNLG11;28.94;0.36;6.98;45.24;0.64;47994.57;4.78;;-24.78;114445551.93;3596.0;Ativa;2529966.0
SNME11;9.26;0.1;13.88;9.28;1.0;44566.05;4.27;;;68839305.84;3440.0;Ativa;7418243.0
SOLR11;1051.35;4.770765;0.0;925.81;1.14;0.0;0.58;;;59685145.8;55.0;Ativa;64468.0
SPAF11;0.0;7.435052;0.0;957.36;;;2.2;13.22;;10789434.0;1.0;Ativa;11270.0
SPDE11;1176.02;61.88;6.02;1017.56;1.16;58947.62;7.47;;;93005009.23;120.0;Ativa;91400.0
SPGM11;10.67;;0.0;9.82;1.09;0.0;1.39;;;28266318.34;31.0;Passiva;2879670.0
SPMO11;144.0;0.43;0.0;133.63;1.08;0.0;0.01;;;242032725.82;18.0;Ativa;1811236.0
SPTW11;32.18;0.4;16.44;57.53;0.56;104943.57;6.04;3.29;-10.68;103437106.43;21510.0;Passiva;1798000.0
SPVJ11;0.0;14.8311;0.0;31.52;;;66.92;39.23;;199249735.04;26.0;Ativa;6312090.0
SPXC11;0.0;;0.0;63.81;;;3.5;;;118155565.38;8102.0;;1851786.0
SPXG11;0.0;;0.0;9.83;;;8.44;;;2948515.49;1.0;Ativa;299996.0
SPXL11;0.0;;0.0;63.81;;;3.5;;;118155565.38;8102.0;;1851786.0
SPXS11;8.64;0.1;13.43;9.46;0.91;584295.1;6.9;;;191003505.75;19551.0;Ativa;20189040.0
SRVD11;3.0;0.2;0.0;0.54;5.56;;0.16;;;52368152.77;106.0;Ativa;96286020.0
STRX11;159.65;0.75;6.18;146.98;1.09;0.0;0.8;2.79;;237160423.48;109.0;Ativa;1613559.0
TBOF11;15.56;0.82274;0.0;63.81;0.24;;3.5;74.62;;118155565.38;8102.0;;1851786.0
TCIN11;145.92;;0.0;125.55;1.16;0.0;0.64;;;106672683.94;88.0;Ativa;849660.0
TCPF11;39.53;1.31;13.81;108.9;0.36;0.0;4.98;;;32379522.22;52.0;Ativa;297327.0
TELD11;0.0;;0.0;26.8;;;1.28;;;12598812.06;2.0;Ativa;470116.0
TELF11;0.0;;0.0;63.81;;;3.5;;;118155565.38;8102.0;;1851786.0
TELM11;0.0;;0.0;10.06;;;60.96;;;21592731.31;103.0;;2147362.0
TEPP11;84.14;0.78;12.3;97.5;0.86;970173.71;1.14;20.74;10.71;411657468.71;29837.0;Ativa;4221967.0
TFOF11;138.0;2.37;0.0;63.81;2.16;;3.5;29.98;;118155565.38;8102.0;;1851786.0
TGAR11;98.61;1.15;15.55;111.11;0.89;8627258.48;2.47;-3.19;-2.91;2618628834.13;170260.0;Ativa;23567968.0
THRA11;138.5;0.13;0.0;63.81;2.17;;3.5;90.73;;118155565.38;8102.0;;1851786.0
TJKB11;280.0;3.27;11.04;268.49;1.04;8954.29;4.74;;;264900351.27;169.0;Ativa;986612.0
TMPS11;82.55;1.07;14.36;95.24;0.87;366921.19;8.46;;;93236253.22;1983.0;Ativa;978968.0
TOPP11;82.84;0.68;0.85;98.16;0.84;613403.52;3.66;;;444509021.87;5086.0;Ativa;4528240.0
TORD11;0.92;0.05;0.0;6.72;0.14;65144.0;2.37;;-54.69;235453506.45;74959.0;Ativa;35051354.0
TORM13;142.0;10.56296;0.0;63.81;2.23;;3.5;;5.45;118155565.38;8102.0;;1851786.0
TOUR11;8.8;0.242328;0.0;63.81;0.14;;3.5;;-12.2;118155565.38;8102.0;;1851786.0
TRBL11;77.27;0.62;12.57;99.61;0.78;2836589.48;5.58;1.89;-2.57;770875560.98;56218.0;Ativa;7739092.0
TRNT11;118.0;0.07;1.24;202.35;0.58;42200.95;1.06;-14.19;4.74;796368735.31;599.0;Passiva;3935562.0
TRXB11;133.28;1.0;11.15;117.18;1.13;3826.67;0.74;5.9;4.2;400037886.25;349.0;Passiva;3413849.0
TRXF11;101.24;0.93;11.72;103.82;0.98;6199050.67;3.87;5.18;3.65;2080060208.42;184460.0;Ativa;20035563.0
TRXY11;0.0;;0.0;;;;;;;;;;0.0
TSER11;100.0;0.97;11.38;98.92;1.01;571.43;6.75;1.94;0.43;136980015.39;21.0;Ativa;1384760.0
TSNC11;1.0;7.361195;2208.36;80.71;0.01;0.44;9.4;-38.46;;87717514.21;66.0;Ativa;1086780.0
TSNM11;0.0;;0.0;63.81;;;3.5;;;118155565.38;8102.0;;1851786.0
TVRI11;89.98;0.98;12.85;101.41;0.89;1534763.14;3.43;2.32;1.56;1614374101.59;69182.0;Ativa;15919690.0
URHF11;115.0;1.19;4.28;97.38;1.18;657.0;5.1;;;10752120.84;158.0;Ativa;110417.0
URPR11;61.49;0.87;20.31;100.98;0.61;2246310.57;1.12;-13.74;-16.39;1184327903.44;79123.0;Ativa;11733895.0
VCHG11;0.0;;0.0;63.81;;;3.5;;;118155565.38;8102.0;;1851786.0
VCJR11;83.02;0.7;13.27;95.13;0.87;2450706.81;10.85;-5.66;-4.21;1400722001.37;34659.0;Ativa;14723970.0
VCRI11;7.42;0.085;15.03;9.47;0.78;353976.14;8.71;;;168363078.33;11218.0;Ativa;17773297.0
VCRR11;63.06;0.6;12.64;130.49;0.48;197731.43;1.39;-0.29;-2.27;260987737.99;4255.0;Ativa;2000000.0
VCTH11;0.0;;0.0;86.72;;;2.53;;;20299050.3;62.0;;234082.0
VDSV11;0.0;;0.0;977.46;;;9.35;;;37277557.61;84.0;Ativa;38137.0
VERE11;423.45;1.1;6.66;479.21;0.88;0.0;0.45;9.23;;303300610.96;112.0;Ativa;632918.0
VGHF11;7.85;0.09;14.12;8.86;0.89;3432401.24;3.64;-11.66;-6.35;1459392047.53;406957.0;Ativa;164721683.0
VGII11;93.3;1.75;13.01;96.82;0.96;0.0;25.06;;;50235369.53;5.0;Passiva;518865.0
VGIP11;77.48;0.72;12.92;90.44;0.86;1705569.62;3.85;-11.92;-6.16;1065985547.77;88359.0;Ativa;11787247.0
VGIR11;9.37;0.11;13.55;9.74;0.96;5604522.1;12.26;-3.45;1.09;1422405908.98;261193.0;Ativa;146101287.0
VGRI11;8.15;0.15;14.36;9.78;0.83;378249.76;4.96;;;342639869.09;4607.0;Ativa;35021736.0
VIDS11;915.64;2.847092;8.19;911.36;1.0;0.0;0.2;;;83427016.37;199.0;Ativa;91541.0
VIFI11;7.13;0.07;12.24;8.41;0.85;99215.62;6.41;5.21;-53.28;68007064.87;5899.0;Ativa;8089190.0
VILG11;77.63;0.61;9.5;113.48;0.68;1693337.52;3.28;-4.34;-4.57;1701890060.03;156058.0;Ativa;14997396.0
VINO11;5.04;0.05;13.38;10.73;0.47;771185.14;3.44;-8.9;-22.46;888711448.21;153106.0;Ativa;82826295.0
VISC11;100.81;0.8;11.05;126.29;0.8;5296220.38;9.6;9.49;2.99;3640636766.81;351617.0;Ativa;28828640.0
VIUR11;5.81;0.067;14.1;8.8;0.66;208649.71;1.98;-1.5;-6.94;237195762.98;49164.0;Ativa;26946220.0
VJFD11;155.02;0.75;7.05;154.58;1.0;0.0;0.57;-7.11;;753752856.68;96.0;Ativa;4876129.0
VLIQ11;0.0;;0.0;63.81;;;3.5;;;118155565.38;8102.0;;1851786.0
VLJS11;1141.14;28.819221;0.0;843.82;1.35;;1.06;;;21997233.81;9.0;Passiva;26068.0
VLOL11;98.0;1.856441;0.0;63.81;1.54;;3.5;14.56;0.5;118155565.38;8102.0;;1851786.0
VOTS11;75.78;0.7;14.12;93.78;0.81;1779.19;28.08;-8.39;-3.35;77645133.6;675.0;Ativa;827913.0
VPSI11;15.61;0.193899;17.07;31.43;0.5;0.68;0.71;7.51;;253662294.78;121.0;Ativa;8071897.0
VRTA11;80.36;0.8;12.44;89.77;0.9;1682352.76;2.72;-10.49;-5.71;1399690189.31;120416.0;Ativa;15592424.0
VRTM11;7.1;0.085;14.3;9.34;0.76;453643.57;5.36;;;438741135.86;12522.0;Ativa;46971245.0
VSEC11;0.21;0.08;0.0;63.81;0.0;;3.5;-0.62;-85.86;118155565.38;8102.0;;1851786.0
VSHO11;69.51;0.72;11.35;103.7;0.67;50128.52;1.08;3.87;-1.36;217651027.4;3595.0;Ativa;2098800.0
VSLH11;3.27;0.04;14.68;11.09;0.29;161510.29;2.07;-29.1;-29.65;331165442.19;77618.0;Ativa;29864091.0
VTBL11;0.0;0.4318;0.0;88.25;;;2.13;;;19937954.67;11.0;Ativa;225930.0
VTLT11;89.98;0.93;12.3;112.88;0.8;87270.67;3.26;4.15;0.42;238740077.33;6162.0;Ativa;2115000.0
VTPA11;0.0;;0.0;104.43;;;0.29;;;68907491.19;1.0;Ativa;659857.0
VTPL11;72.1;5.11;0.0;71.89;1.0;0.0;2.88;;;99661107.98;124.0;Ativa;1386242.0
VTRT11;0.0;0.107508;0.0;63.81;;;3.5;;;118155565.38;8102.0;;1851786.0
VTVI11;0.0;;0.0;30.47;;;1.69;;;54262448.36;1.0;Ativa;1780984.0
VTXI11;0.0;;0.0;5.22;;;55.74;;;540091.83;2.0;Ativa;103500.0
VVCO11;13.5;0.323281;0.0;14.25;0.95;92306.14;2.49;;28.18;141098708.5;3054.0;Ativa;9900000.0
VVCR11;9.36;0.09;13.78;10.47;0.89;385833.32;6.98;-42.65;-46.61;78589242.29;2438.0;Ativa;7508332.0
VVMR11;86.97;0.5;9.98;112.43;0.77;46375.57;0.64;-1.53;2.83;317396939.81;751.0;Ativa;2823180.0
VVPR11;101.5;0.89234;0.0;63.81;1.59;;3.5;;2.37;118155565.38;8102.0;;1851786.0
VVRI11;98.27;0.728709;11.97;99.47;0.99;190212.18;1.19;;;79846007.28;167.0;Ativa;802683.0
VXXV11;695.0;93.02;26.77;659.94;1.05;126431.5;1.41;;-6.75;182437338.67;20.0;Ativa;276446.0
WHGR11;8.94;0.1;13.37;9.52;0.94;536861.48;3.37;;;294224549.84;12961.0;Ativa;30912378.0
WPLZ11;55.18;0.29;8.43;88.08;0.63;3609.76;1.97;0.95;-4.01;96676265.86;1726.0;Passiva;1097549.0
WSEC11;7.94;0.085;14.64;10.19;0.78;16309.29;9.9;;;22254203.31;531.0;Ativa;2456510.0
WTSP11B;36.0;10.25;40.63;79.31;0.45;;13.22;64.9;-9.7;98231212.53;215.0;Ativa;1238572.0
XBXO11;0.0;;0.0;93.61;;;0.0;;;284819330.95;5.0;Ativa;3042600.0
XPCI11;79.16;0.8;13.01;89.17;0.89;1774075.95;4.12;-5.49;-4.51;775877731.3;74981.0;Ativa;8701551.0
XPCM11;7.23;0.02;1.24;27.42;0.26;17677.19;3.51;-34.84;-28.05;66206640.79;19770.0;Passiva;2414570.0
XPIN11;70.45;0.74;10.87;105.34;0.67;444366.9;3.47;0.89;-3.69;753061293.75;46837.0;Ativa;7150422.0
XPLG11;95.04;0.78;9.85;112.25;0.85;4175417.29;7.3;4.51;2.94;3498312039.33;348915.0;Ativa;31164389.0
XPML11;103.88;0.92;10.56;117.14;0.89;12998749.62;19.98;9.83;5.82;6480240151.23;555889.0;Ativa;55320191.0
XPPR11;14.3;0.07;6.29;61.9;0.23;135099.67;1.24;-43.35;-37.66;452861360.01;44739.0;Ativa;7316171.0
XPSF11;6.64;0.07;13.18;7.64;0.87;476470.38;2.26;1.21;-1.51;330823221.4;63255.0;Ativa;43302140.0
YEES11;102.05;;0.0;87.03;1.17;0.0;45.31;;;7829841.94;130.0;Ativa;89969.0
YUFI11;88.87;0.10161;2.89;105.21;0.84;0.0;0.83;;;51833276.84;58.0;Ativa;492650.0
ZAGH11;13.0;0.07;4.0;9.21;1.41;744.95;7.69;;;42783877.65;274.0;;4645960.0
ZAVC11;10.49;0.13;6.58;10.04;1.04;1482.05;15.23;;;31110512.89;138.0;Ativa;3097348.0
ZAVI11;105.21;1.15;14.02;131.26;0.78;127664.29;5.93;;;154014555.33;3923.0;Ativa;1173322.0
ZIFI11;650.0;3.304958;0.0;1773.56;0.37;1370.1;0.1;;-11.57;84217703.27;94.0;Ativa;47485.0
